PassengerId,Survived,Pclass,Sex,Age,Fare,Embarked,Title,FamilySize
1,0,3,0,22.0,2.1102132003465894,2,2,1.0
2,1,1,1,38.0,4.2805931204649,0,3,1.0
3,1,3,1,26.0,2.188856327665703,2,1,0.0
4,1,1,1,35.0,3.9908341858524357,2,3,1.0
5,0,3,0,35.0,2.2027647577118348,2,2,0.0
6,0,3,0,29.0,2.246892662898172,1,2,0.0
7,0,1,0,54.0,3.967694202798607,2,2,0.0
8,0,3,0,2.0,3.0944457464900235,2,0,4.0
9,1,3,1,27.0,2.495953738718064,2,3,2.0
10,1,2,1,14.0,3.436268471383741,0,3,1.0
11,1,3,1,4.0,2.8735646395797834,2,1,2.0
12,1,1,1,58.0,3.3160025355989236,2,1,0.0
13,0,3,0,20.0,2.2027647577118348,2,2,0.0
14,0,3,0,39.0,3.4742929367327062,2,2,6.0
15,0,3,1,14.0,2.180891922715322,2,1,0.0
16,1,2,1,55.0,2.833213344056216,2,3,0.0
17,0,3,0,2.0,3.405355391810819,1,0,5.0
18,1,2,0,29.0,2.6390573296152584,2,2,0.0
19,0,3,1,31.0,2.9444389791664403,2,3,1.0
20,1,3,1,29.0,2.1071782966514356,0,3,0.0
21,0,2,0,35.0,3.295836866004329,2,2,0.0
22,1,2,0,34.0,2.6390573296152584,2,2,0.0
23,1,3,1,15.0,2.2004637699272855,1,1,0.0
24,1,1,0,28.0,3.597312260588446,2,2,0.0
25,0,3,1,8.0,3.0944457464900235,2,1,4.0
26,1,3,1,38.0,3.4777725458882283,2,3,6.0
27,0,3,0,29.0,2.1071782966514356,0,2,0.0
28,0,1,0,19.0,5.575949103146316,2,2,5.0
29,1,3,1,29.0,2.1837114628556327,1,1,0.0
30,0,3,0,29.0,2.1855792552411137,2,2,0.0
31,0,1,0,40.0,3.357621598945279,0,4,0.0
32,1,1,1,29.0,4.993969182787072,0,3,1.0
33,1,3,1,29.0,2.169053700369523,1,1,0.0
34,0,2,0,66.0,2.4423470353692043,2,2,0.0
35,0,1,0,28.0,4.420896324687287,0,2,1.0
36,0,1,0,42.0,3.970291913552122,2,2,1.0
37,1,3,0,29.0,2.1076888046179385,0,2,0.0
38,0,3,0,21.0,2.2027647577118348,2,2,0.0
39,0,3,1,18.0,2.9444389791664403,2,1,2.0
40,1,3,1,14.0,2.5048481563289,0,1,1.0
41,0,3,1,40.0,2.348991465808201,2,3,1.0
42,0,2,1,27.0,3.091042453358316,2,3,1.0
43,0,3,0,29.0,2.1855792552411137,0,2,0.0
44,1,2,1,3.0,3.7513658711253766,0,1,3.0
45,1,3,1,19.0,2.1837114628556327,1,1,0.0
46,0,3,0,29.0,2.2027647577118348,2,2,0.0
47,0,3,0,29.0,2.803360380906535,1,2,1.0
48,1,3,1,29.0,2.169053700369523,1,1,0.0
49,0,3,0,29.0,3.1214482048688246,0,2,2.0
50,0,3,1,18.0,2.9338568698359038,2,3,1.0
51,0,3,0,7.0,3.705920919968788,2,0,5.0
52,0,3,0,21.0,2.174751721484161,2,2,0.0
53,1,1,1,49.0,4.353230991152628,0,3,1.0
54,1,2,1,29.0,3.295836866004329,2,3,1.0
55,0,1,0,65.0,4.142804513146981,0,2,1.0
56,1,1,0,29.0,3.597312260588446,2,2,0.0
57,1,2,1,21.0,2.4423470353692043,2,1,0.0
58,0,3,0,28.5,2.1076888046179385,0,2,0.0
59,1,2,1,5.0,3.3586377672433594,2,1,3.0
60,0,3,0,11.0,3.8691155044168695,2,0,7.0
61,0,3,0,22.0,2.1076888046179385,0,2,0.0
62,1,1,1,38.0,4.394449154672439,3,1,0.0
63,0,1,0,45.0,4.436455632600354,2,2,1.0
64,0,3,0,4.0,3.3638415951183864,2,0,5.0
65,0,1,0,29.0,3.357621598945279,0,2,0.0
66,1,3,0,29.0,2.7878344138303452,0,0,2.0
67,1,2,1,29.0,2.4423470353692043,2,3,0.0
68,0,3,0,19.0,2.2146605719425225,2,2,0.0
69,1,3,1,17.0,2.188856327665703,2,1,6.0
70,0,3,0,26.0,2.2682524139135403,2,2,2.0
71,0,2,0,32.0,2.4423470353692043,2,2,0.0
72,0,3,1,16.0,3.8691155044168695,2,1,7.0
73,0,2,0,21.0,4.310799125385514,2,2,0.0
74,0,3,0,26.0,2.737880811060884,0,2,1.0
75,1,3,0,32.0,4.05171190165724,2,2,0.0
76,0,3,0,25.0,2.157559320943788,2,2,0.0
77,0,3,0,29.0,2.1855792552411137,2,2,0.0
78,0,3,0,29.0,2.2027647577118348,2,2,0.0
79,1,2,0,0.83,3.4011973816621555,2,0,2.0
80,1,3,1,30.0,2.600836116795061,2,1,0.0
81,0,3,0,22.0,2.302585092994046,2,2,0.0
82,1,3,0,29.0,2.3513752571634776,2,2,0.0
83,1,3,1,29.0,2.1733302571367834,1,1,0.0
84,0,1,0,28.0,3.8732821771117156,2,2,0.0
85,1,2,1,17.0,2.4423470353692043,2,1,0.0
86,1,3,1,33.0,2.8243506567983707,2,3,3.0
87,0,3,0,16.0,3.5660053559634015,2,2,4.0
88,0,3,0,29.0,2.2027647577118348,2,2,0.0
89,1,1,1,23.0,5.575949103146316,2,1,5.0
90,0,3,0,24.0,2.2027647577118348,2,2,0.0
91,0,3,0,29.0,2.2027647577118348,2,2,0.0
92,0,3,0,20.0,2.180891922715322,2,2,0.0
93,0,1,0,46.0,4.1299529896894684,2,2,1.0
94,0,3,0,26.0,3.0715352369694915,2,2,3.0
95,0,3,0,59.0,2.1102132003465894,2,2,0.0
96,0,3,0,29.0,2.2027647577118348,2,2,0.0
97,0,1,0,71.0,3.57386695198272,0,2,0.0
98,1,1,0,23.0,4.164465907853638,0,2,1.0
99,1,2,1,34.0,3.1780538303479458,2,3,1.0
100,0,2,0,34.0,3.295836866004329,2,2,1.0
101,0,3,1,28.0,2.1855792552411137,2,1,0.0
102,0,3,0,29.0,2.1855792552411137,2,2,0.0
103,0,1,0,21.0,4.360387947851531,2,2,1.0
104,0,3,0,33.0,2.267393053825037,2,2,0.0
105,0,3,0,37.0,2.188856327665703,2,2,2.0
106,0,3,0,28.0,2.1855792552411137,2,2,0.0
107,1,3,1,21.0,2.157559320943788,2,1,0.0
108,1,3,0,29.0,2.1719067693519296,2,2,0.0
109,0,3,0,38.0,2.1855792552411137,2,2,0.0
110,1,3,1,29.0,3.224857896545748,1,1,1.0
111,0,1,0,47.0,3.970291913552122,2,2,0.0
112,0,3,1,14.5,2.737880811060884,0,1,1.0
113,0,3,0,22.0,2.2027647577118348,2,2,0.0
114,0,3,1,20.0,2.3818582738885534,2,1,1.0
115,0,3,1,17.0,2.738146075922933,0,1,0.0
116,0,3,0,21.0,2.188856327665703,2,2,0.0
117,0,3,0,70.5,2.169053700369523,1,2,0.0
118,0,2,0,29.0,3.091042453358316,2,2,1.0
119,0,1,0,24.0,5.515526544247129,0,2,1.0
120,0,3,1,2.0,3.4742929367327062,2,1,6.0
121,0,2,0,21.0,4.310799125385514,2,2,2.0
122,0,3,0,29.0,2.2027647577118348,2,2,0.0
123,0,2,0,32.5,3.436268471383741,0,2,1.0
124,1,2,1,32.5,2.6390573296152584,2,1,0.0
125,0,1,0,54.0,4.360387947851531,2,2,1.0
126,1,3,0,12.0,2.5048481563289,0,0,1.0
127,0,3,0,29.0,2.169053700369523,1,2,0.0
128,1,3,0,24.0,2.0969990034181696,2,2,0.0
129,1,3,1,29.0,3.1509523813392697,0,1,2.0
130,0,3,0,45.0,2.076311648670908,2,2,0.0
131,0,3,0,33.0,2.1855792552411137,0,2,0.0
132,0,3,0,20.0,2.0856720914304723,2,2,0.0
133,0,3,1,47.0,2.740840023925201,2,3,1.0
134,1,2,1,29.0,3.295836866004329,2,3,1.0
135,0,2,0,25.0,2.6390573296152584,2,2,0.0
136,0,2,0,23.0,2.775447133088262,0,2,0.0
137,1,1,1,19.0,3.3062747934011893,2,1,2.0
138,0,1,0,37.0,3.9908341858524357,2,2,1.0
139,0,3,0,16.0,2.3240236363515288,2,2,0.0
140,0,1,0,24.0,4.384523514872469,0,2,0.0
141,0,3,1,29.0,2.7878344138303452,0,3,2.0
142,1,3,1,22.0,2.169053700369523,2,1,0.0
143,1,3,1,24.0,2.8243506567983707,2,3,1.0
144,0,3,0,19.0,2.0476928433652555,1,2,0.0
145,0,2,0,18.0,2.5257286443082556,2,2,0.0
146,0,2,0,19.0,3.6309854756950335,2,2,2.0
147,1,3,0,27.0,2.174274334826008,2,2,0.0
148,0,3,1,9.0,3.5660053559634015,2,1,4.0
149,0,2,0,36.5,3.295836866004329,2,2,2.0
150,0,2,0,42.0,2.6390573296152584,2,4,0.0
151,0,2,0,51.0,2.6045398247325453,2,4,0.0
152,1,1,1,22.0,4.213607983048918,2,3,1.0
153,0,3,0,55.5,2.2027647577118348,2,2,0.0
154,0,3,0,40.5,2.740840023925201,2,2,2.0
155,0,3,0,29.0,2.1177604059819726,2,2,0.0
156,0,1,0,51.0,4.133231886474144,0,2,1.0
157,1,3,1,16.0,2.167143305297764,1,1,0.0
158,0,3,0,30.0,2.2027647577118348,2,2,0.0
159,0,3,0,29.0,2.2682524139135403,2,2,0.0
160,0,3,0,29.0,4.256321678298823,2,0,10.0
161,0,3,0,44.0,2.8390784635086144,2,2,1.0
162,1,2,1,40.0,2.8183982582710754,2,3,0.0
163,0,3,0,26.0,2.1719067693519296,2,2,0.0
164,0,3,0,17.0,2.2682524139135403,2,2,0.0
165,0,3,0,1.0,3.705920919968788,2,0,5.0
166,1,3,0,9.0,3.0692150503137943,2,0,2.0
167,1,1,1,29.0,4.02535169073515,2,3,1.0
168,0,3,1,45.0,3.3638415951183864,2,3,5.0
169,0,1,0,29.0,3.2930552230424524,2,2,0.0
170,0,3,0,28.0,4.05171190165724,2,2,0.0
171,0,1,0,61.0,3.5409593240373143,2,2,0.0
172,0,3,0,4.0,3.405355391810819,1,0,5.0
173,1,3,1,1.0,2.495953738718064,2,1,2.0
174,0,3,0,21.0,2.188856327665703,2,2,0.0
175,0,1,0,56.0,3.4561841799918147,0,2,0.0
176,0,3,0,18.0,2.180891922715322,2,2,2.0
177,0,3,0,29.0,3.275887339030031,2,0,4.0
178,0,1,1,50.0,3.391567832686312,0,1,0.0
179,0,2,0,30.0,2.6390573296152584,2,2,0.0
180,0,3,0,36.0,0.0,2,2,0.0
181,0,3,1,29.0,4.256321678298823,2,1,10.0
182,0,2,0,29.0,2.775708849576025,0,2,0.0
183,0,3,0,9.0,3.4777725458882283,2,0,6.0
184,1,2,0,1.0,3.6888794541139363,2,0,3.0
185,1,3,1,4.0,3.1365805821413706,2,1,2.0
186,0,1,0,29.0,3.9318256327243257,2,2,0.0
187,1,3,1,29.0,2.803360380906535,1,3,1.0
188,1,1,0,45.0,3.3160025355989236,2,2,0.0
189,0,3,0,40.0,2.803360380906535,1,2,2.0
190,0,3,0,36.0,2.1855792552411137,2,2,0.0
191,1,2,1,32.0,2.6390573296152584,2,3,0.0
192,0,2,0,19.0,2.6390573296152584,2,2,0.0
193,1,3,1,19.0,2.180891922715322,2,1,1.0
194,1,2,0,3.0,3.295836866004329,2,0,2.0
195,1,1,1,44.0,3.357621598945279,0,3,0.0
196,1,1,1,58.0,4.993969182787072,0,1,0.0
197,0,3,0,29.0,2.169053700369523,1,2,0.0
198,0,3,0,42.0,2.2411563979973974,2,2,1.0
199,1,3,1,29.0,2.169053700369523,1,1,0.0
200,0,2,1,24.0,2.6390573296152584,2,1,0.0
201,0,3,0,28.0,2.3513752571634776,2,2,0.0
202,0,3,0,29.0,4.256321678298823,2,2,10.0
203,0,3,0,34.0,2.0143428636837015,2,2,0.0
204,0,3,0,45.5,2.1071782966514356,0,2,0.0
205,1,3,0,18.0,2.2027647577118348,2,2,0.0
206,0,3,1,2.0,2.4390808375825834,2,1,1.0
207,0,3,0,32.0,2.8243506567983707,2,2,1.0
208,1,3,0,26.0,2.9850504252071306,0,2,0.0
209,1,3,1,16.0,2.169053700369523,1,1,0.0
210,1,1,0,40.0,3.4657359027997265,0,2,0.0
211,0,3,0,24.0,2.0856720914304723,2,2,0.0
212,1,2,1,35.0,3.091042453358316,2,1,0.0
213,0,3,0,22.0,2.1102132003465894,2,2,0.0
214,0,2,0,30.0,2.6390573296152584,2,2,0.0
215,0,3,0,29.0,2.169053700369523,1,2,1.0
216,1,1,1,31.0,4.738607824217808,0,1,1.0
217,1,3,1,27.0,2.188856327665703,2,1,0.0
218,0,2,0,42.0,3.332204510175204,2,2,1.0
219,1,1,1,32.0,4.347586575960343,0,1,0.0
220,0,2,0,30.0,2.4423470353692043,2,2,0.0
221,1,3,0,16.0,2.2027647577118348,2,2,0.0
222,0,2,0,27.0,2.6390573296152584,2,2,0.0
223,0,3,0,51.0,2.2027647577118348,2,2,0.0
224,0,3,0,29.0,2.1855792552411137,2,2,0.0
225,1,1,0,38.0,4.51085950651685,2,2,1.0
226,0,3,0,22.0,2.336986519711378,2,2,0.0
227,1,2,0,19.0,2.4423470353692043,2,2,0.0
228,0,3,0,20.5,2.1102132003465894,2,2,0.0
229,0,2,0,18.0,2.6390573296152584,2,2,0.0
230,0,3,1,29.0,3.275887339030031,2,1,4.0
231,1,1,1,35.0,4.436455632600354,2,3,1.0
232,0,3,0,29.0,2.1719067693519296,2,2,0.0
233,0,2,0,59.0,2.6741486494265287,2,2,0.0
234,1,3,1,5.0,3.4777725458882283,2,1,6.0
235,0,2,0,24.0,2.4423470353692043,2,2,0.0
236,0,3,1,29.0,2.145931282948669,2,1,0.0
237,0,2,0,44.0,3.295836866004329,2,2,1.0
238,1,2,1,8.0,3.305053521109253,2,1,2.0
239,0,2,0,19.0,2.4423470353692043,2,2,0.0
240,0,2,0,33.0,2.5858825671280026,2,2,0.0
241,0,3,1,29.0,2.737880811060884,0,1,1.0
242,1,3,1,29.0,2.803360380906535,1,1,1.0
243,0,2,0,29.0,2.4423470353692043,2,2,0.0
244,0,3,0,22.0,2.094945728215801,2,2,0.0
245,0,3,0,30.0,2.1071782966514356,0,2,0.0
246,0,1,0,44.0,4.51085950651685,1,4,2.0
247,0,3,1,25.0,2.1719067693519296,2,1,0.0
248,1,2,1,24.0,2.740840023925201,2,3,2.0
249,1,1,0,37.0,3.9806942251907276,2,2,2.0
250,0,2,0,54.0,3.295836866004329,2,4,1.0
251,0,3,0,29.0,2.1102132003465894,2,2,0.0
252,0,3,1,29.0,2.4390808375825834,2,3,2.0
253,0,1,0,62.0,3.3160025355989236,2,2,0.0
254,0,3,0,30.0,2.8390784635086144,2,2,1.0
255,0,3,1,41.0,3.0545906305603445,2,3,2.0
256,1,3,1,29.0,2.7878344138303452,0,3,2.0
257,1,1,1,29.0,4.384523514872469,0,3,0.0
258,1,1,1,30.0,4.471638793363569,2,1,0.0
259,1,1,1,35.0,6.240917354759096,0,1,0.0
260,1,2,1,50.0,3.295836866004329,2,3,1.0
261,0,3,0,29.0,2.169053700369523,1,2,0.0
262,1,3,0,3.0,3.4777725458882283,2,0,6.0
263,0,1,0,52.0,4.390118804571218,2,2,2.0
264,0,1,0,40.0,0.0,2,2,0.0
265,0,3,1,29.0,2.169053700369523,1,1,0.0
266,0,2,0,36.0,2.4423470353692043,2,2,0.0
267,0,3,0,16.0,3.705920919968788,2,2,5.0
268,1,3,0,25.0,2.1719067693519296,2,2,1.0
269,1,1,1,58.0,5.039951348430309,2,3,1.0
270,1,1,1,35.0,4.91730069488021,2,1,0.0
271,0,1,0,29.0,3.4657359027997265,2,2,0.0
272,1,3,0,25.0,0.0,2,2,0.0
273,1,2,1,41.0,3.0204248861443626,2,3,1.0
274,0,1,0,37.0,3.4242626545931514,0,2,1.0
275,1,3,1,29.0,2.169053700369523,1,1,0.0
276,1,1,1,63.0,4.368919865004903,2,1,1.0
277,0,3,1,45.0,2.169053700369523,2,1,0.0
278,0,2,0,29.0,0.0,2,2,0.0
279,0,3,0,7.0,3.405355391810819,1,0,5.0
280,1,3,1,35.0,3.056356895370426,2,3,2.0
281,0,3,0,65.0,2.169053700369523,1,2,0.0
282,0,3,0,28.0,2.180891922715322,2,2,0.0
283,0,3,0,16.0,2.3513752571634776,2,2,0.0
284,1,3,0,19.0,2.2027647577118348,2,2,0.0
285,0,1,0,29.0,3.295836866004329,2,2,0.0
286,0,3,0,33.0,2.2682524139135403,0,2,0.0
287,1,3,0,30.0,2.3513752571634776,2,2,0.0
288,0,3,0,22.0,2.1855792552411137,2,2,0.0
289,1,2,0,42.0,2.6390573296152584,2,2,0.0
290,1,3,1,22.0,2.169053700369523,1,1,0.0
291,1,1,1,26.0,4.380149874661021,2,1,0.0
292,1,1,1,19.0,4.5226490762785785,0,3,1.0
293,0,2,0,36.0,2.630088659632498,0,2,0.0
294,0,3,1,24.0,2.2874714551839976,2,1,0.0
295,0,3,0,24.0,2.1855792552411137,2,2,0.0
296,0,1,0,29.0,3.357621598945279,0,2,0.0
297,0,3,0,23.5,2.1076888046179385,0,2,0.0
298,0,1,1,2.0,5.027492411162679,2,1,3.0
299,1,1,0,29.0,3.449987545831587,2,2,0.0
300,1,1,1,50.0,5.515526544247129,0,3,1.0
301,1,3,1,29.0,2.169053700369523,1,1,0.0
302,1,3,0,29.0,3.188416617383492,1,2,2.0
303,0,3,0,19.0,0.0,2,2,0.0
304,1,2,1,29.0,2.5915163848462583,1,1,0.0
305,0,3,0,29.0,2.2027647577118348,2,2,0.0
306,1,1,0,0.92,5.027492411162679,2,0,3.0
307,1,1,1,29.0,4.717456363787216,0,1,0.0
308,1,1,1,17.0,4.699570861409576,0,3,1.0
309,0,2,0,30.0,3.2188758248682006,0,2,1.0
310,1,1,1,30.0,4.0592215752427645,0,1,0.0
311,1,1,1,24.0,4.432699549165613,0,1,0.0
312,1,1,1,18.0,5.5735788721243535,0,1,4.0
313,0,2,1,26.0,3.295836866004329,2,3,2.0
314,0,3,0,28.0,2.1855792552411137,2,2,0.0
315,0,2,0,43.0,3.305053521109253,2,2,2.0
316,1,3,1,26.0,2.180891922715322,2,1,0.0
317,1,2,1,24.0,3.295836866004329,2,3,1.0
318,0,2,0,54.0,2.70805020110221,2,4,0.0
319,1,1,1,31.0,5.11118445372147,2,1,2.0
320,1,1,1,40.0,4.908971640319756,0,3,2.0
321,0,3,0,22.0,2.1102132003465894,2,2,0.0
322,0,3,0,27.0,2.1855792552411137,2,2,0.0
323,1,2,1,30.0,2.5915163848462583,1,1,0.0
324,1,2,1,22.0,3.4011973816621555,2,3,2.0
325,0,3,0,29.0,4.256321678298823,2,2,10.0
326,1,1,1,36.0,4.91730069488021,0,1,0.0
327,0,3,0,61.0,1.9792758428991135,2,2,0.0
328,1,2,1,36.0,2.6390573296152584,2,3,0.0
329,1,3,1,31.0,3.0692150503137943,2,3,2.0
330,1,1,1,16.0,4.077184839375167,0,1,1.0
331,1,3,1,29.0,3.188416617383492,1,1,2.0
332,0,1,0,45.5,3.3843902633457743,2,2,0.0
333,0,1,0,38.0,5.039951348430309,2,2,1.0
334,0,3,0,16.0,2.9444389791664403,2,2,2.0
335,1,1,1,29.0,4.902678819257608,2,3,1.0
336,0,3,0,29.0,2.1855792552411137,2,2,0.0
337,0,1,0,29.0,4.213607983048918,2,2,1.0
338,1,1,1,41.0,4.908971640319756,0,1,0.0
339,1,3,0,45.0,2.2027647577118348,2,2,0.0
340,0,1,0,45.0,3.597312260588446,2,2,0.0
341,1,2,0,2.0,3.295836866004329,2,0,2.0
342,1,1,1,24.0,5.575949103146316,2,1,5.0
343,0,2,0,28.0,2.6390573296152584,2,2,0.0
344,0,2,0,25.0,2.6390573296152584,2,2,0.0
345,0,2,0,36.0,2.6390573296152584,2,2,0.0
346,1,2,1,24.0,2.6390573296152584,2,1,0.0
347,1,2,1,40.0,2.6390573296152584,2,1,0.0
348,1,3,1,29.0,2.8390784635086144,2,3,1.0
349,1,3,0,3.0,2.8273136219290276,2,0,2.0
350,0,3,0,42.0,2.2682524139135403,2,2,0.0
351,0,3,0,23.0,2.3248357019288655,2,2,0.0
352,0,1,0,29.0,3.58351893845611,2,2,0.0
353,0,3,0,15.0,2.1076888046179385,0,2,2.0
354,0,3,0,25.0,2.9338568698359038,2,2,1.0
355,0,3,0,29.0,2.1071782966514356,0,2,0.0
356,0,3,0,28.0,2.3513752571634776,2,2,0.0
357,1,1,1,22.0,4.02535169073515,2,1,1.0
358,0,2,1,38.0,2.6390573296152584,2,1,0.0
359,1,3,1,29.0,2.1837114628556327,1,1,0.0
360,1,3,1,29.0,2.1837114628556327,1,1,0.0
361,0,3,0,40.0,3.3638415951183864,2,2,5.0
362,0,2,0,29.0,3.357621598945279,0,2,1.0
363,0,3,1,45.0,2.737880811060884,0,3,1.0
364,0,3,0,35.0,2.0856720914304723,2,2,0.0
365,0,3,0,29.0,2.803360380906535,1,2,1.0
366,0,3,0,30.0,2.1102132003465894,2,2,0.0
367,1,1,1,60.0,4.334017415487521,0,3,1.0
368,1,3,1,29.0,2.1076888046179385,0,3,0.0
369,1,3,1,29.0,2.169053700369523,1,1,0.0
370,1,1,1,24.0,4.252771798816619,0,4,0.0
371,1,1,0,25.0,4.0332082470129285,0,2,1.0
372,0,3,0,18.0,2.0143428636837015,2,2,1.0
373,0,3,0,19.0,2.2027647577118348,2,2,0.0
374,0,1,0,22.0,4.91730069488021,0,2,0.0
375,0,3,1,3.0,3.0944457464900235,2,1,4.0
376,1,1,1,29.0,4.420896324687287,0,3,1.0
377,1,3,1,22.0,2.1102132003465894,2,1,0.0
378,0,1,0,27.0,5.358941988364472,0,2,2.0
379,0,3,0,20.0,1.6119347926326877,0,2,0.0
380,0,3,0,19.0,2.1719067693519296,2,2,0.0
381,1,1,1,42.0,5.4316456135398825,0,1,0.0
382,1,3,1,1.0,2.817902613071225,0,1,2.0
383,0,3,0,32.0,2.188856327665703,2,2,0.0
384,1,1,1,35.0,3.970291913552122,2,3,1.0
385,0,3,0,29.0,2.1855792552411137,2,2,0.0
386,0,2,0,18.0,4.310799125385514,2,2,0.0
387,0,3,0,1.0,3.8691155044168695,2,0,7.0
388,1,2,1,36.0,2.6390573296152584,2,1,0.0
389,0,3,0,29.0,2.1666737276227077,1,2,0.0
390,1,2,1,17.0,2.5649493574615367,0,1,0.0
391,1,1,0,36.0,4.795790545596741,2,2,3.0
392,1,3,0,21.0,2.174274334826008,2,2,0.0
393,0,3,0,28.0,2.188856327665703,2,2,2.0
394,1,1,1,23.0,4.738607824217808,0,1,1.0
395,1,3,1,24.0,2.8735646395797834,2,3,2.0
396,0,3,0,22.0,2.174274334826008,2,2,0.0
397,0,3,1,31.0,2.180891922715322,2,1,0.0
398,0,2,0,46.0,3.295836866004329,2,2,0.0
399,0,2,0,23.0,2.4423470353692043,2,4,0.0
400,1,2,1,28.0,2.613739521630969,2,3,0.0
401,1,3,0,39.0,2.188856327665703,2,2,0.0
402,0,3,0,26.0,2.2027647577118348,2,2,0.0
403,0,3,1,21.0,2.3818582738885534,2,1,1.0
404,0,3,0,28.0,2.8243506567983707,2,2,1.0
405,0,3,1,20.0,2.2682524139135403,2,1,0.0
406,0,2,0,34.0,3.091042453358316,2,2,1.0
407,0,3,0,51.0,2.169053700369523,2,2,0.0
408,1,2,0,3.0,2.9831534913471307,2,0,2.0
409,0,3,0,21.0,2.1719067693519296,2,2,0.0
410,0,3,1,29.0,3.275887339030031,2,1,4.0
411,0,3,0,29.0,2.1855792552411137,2,2,0.0
412,0,3,0,29.0,2.061570298060867,1,2,0.0
413,1,1,1,33.0,4.51085950651685,1,1,1.0
414,0,2,0,29.0,0.0,2,2,0.0
415,1,3,0,44.0,2.188856327665703,2,2,0.0
416,0,3,1,29.0,2.2027647577118348,2,3,0.0
417,1,2,1,34.0,3.5115454388310208,2,3,2.0
418,1,2,1,18.0,2.6390573296152584,2,1,2.0
419,0,2,0,30.0,2.6390573296152584,2,2,0.0
420,0,3,1,10.0,3.224857896545748,2,1,2.0
421,0,3,0,29.0,2.1855792552411137,0,2,0.0
422,0,3,0,21.0,2.167143305297764,1,2,0.0
423,0,3,0,29.0,2.1832383353614797,2,2,0.0
424,0,3,1,28.0,2.7343675094195836,2,3,2.0
425,0,3,0,18.0,3.0545906305603445,2,2,2.0
426,0,3,0,29.0,2.1102132003465894,2,2,0.0
427,1,2,1,28.0,3.295836866004329,2,3,1.0
428,1,2,1,19.0,3.295836866004329,2,1,0.0
429,0,3,0,29.0,2.169053700369523,1,2,0.0
430,1,3,0,32.0,2.2027647577118348,2,2,0.0
431,1,1,0,28.0,3.3160025355989236,2,2,0.0
432,1,3,1,29.0,2.8390784635086144,2,3,1.0
433,1,2,1,42.0,3.295836866004329,2,3,1.0
434,0,3,0,17.0,2.094945728215801,2,2,0.0
435,0,1,0,50.0,4.041295341132285,2,2,1.0
436,1,1,1,14.0,4.795790545596741,2,1,3.0
437,0,3,1,21.0,3.5660053559634015,2,1,4.0
438,1,2,1,24.0,2.9831534913471307,2,3,5.0
439,0,1,0,64.0,5.575949103146316,2,2,5.0
440,0,2,0,31.0,2.4423470353692043,2,2,0.0
441,1,2,1,45.0,3.305053521109253,2,3,2.0
442,0,3,0,20.0,2.3513752571634776,2,2,0.0
443,0,3,0,25.0,2.1719067693519296,2,2,1.0
444,1,2,1,28.0,2.6390573296152584,2,4,0.0
445,1,3,0,29.0,2.2096470973347766,2,2,0.0
446,1,1,0,4.0,4.417131919904876,2,0,2.0
447,1,2,1,13.0,3.0204248861443626,2,1,1.0
448,1,1,0,34.0,3.3160025355989236,2,2,0.0
449,1,3,1,5.0,3.0085645861193133,0,1,3.0
450,1,1,0,52.0,3.449987545831587,2,4,0.0
451,0,2,0,36.0,3.3586377672433594,2,2,3.0
452,0,3,0,29.0,3.0429354648621407,2,2,1.0
453,0,1,0,30.0,3.3586377672433594,0,2,0.0
454,1,1,0,49.0,4.500966778400217,0,2,1.0
455,0,3,0,29.0,2.2027647577118348,2,2,0.0
456,1,3,0,29.0,2.1855792552411137,0,2,0.0
457,0,1,0,65.0,3.3160025355989236,2,2,0.0
458,1,1,1,29.0,3.967694202798607,2,3,1.0
459,1,2,1,50.0,2.4423470353692043,2,1,0.0
460,0,3,0,29.0,2.169053700369523,1,2,0.0
461,1,1,0,48.0,3.3160025355989236,2,2,0.0
462,0,3,0,34.0,2.2027647577118348,2,2,0.0
463,0,1,0,47.0,3.676300671907076,2,2,0.0
464,0,2,0,48.0,2.6390573296152584,2,2,0.0
465,0,3,0,29.0,2.2027647577118348,2,2,0.0
466,0,3,0,38.0,2.0856720914304723,2,2,0.0
467,0,2,0,29.0,0.0,2,2,0.0
468,0,1,0,56.0,3.3160025355989236,2,2,0.0
469,0,3,0,29.0,2.1661924680884908,1,2,0.0
470,1,3,1,0.75,3.0085645861193133,0,1,3.0
471,0,3,0,29.0,2.1102132003465894,2,2,0.0
472,0,3,0,38.0,2.2682524139135403,2,2,0.0
473,1,2,1,33.0,3.3586377672433594,2,3,3.0
474,1,2,1,23.0,2.694066212646058,0,3,0.0
475,0,3,1,22.0,2.3830123421066602,2,1,0.0
476,0,1,0,29.0,3.970291913552122,2,2,0.0
477,0,2,0,34.0,3.091042453358316,2,2,1.0
478,0,3,0,29.0,2.0851502161468174,2,2,1.0
479,0,3,0,22.0,2.142510233146819,2,2,0.0
480,1,3,1,2.0,2.586823743668066,2,1,1.0
481,0,3,0,9.0,3.8691155044168695,2,0,7.0
482,0,2,0,29.0,0.0,2,2,0.0
483,0,3,0,50.0,2.2027647577118348,2,2,0.0
484,1,3,1,63.0,2.3596740599781727,2,3,0.0
485,1,1,0,25.0,4.5226490762785785,0,2,1.0
486,0,3,1,29.0,3.275887339030031,2,1,4.0
487,1,1,1,35.0,4.51085950651685,2,3,1.0
488,0,1,0,58.0,3.4242626545931514,0,2,0.0
489,0,3,0,30.0,2.2027647577118348,2,2,0.0
490,1,3,0,9.0,2.8273136219290276,2,0,2.0
491,0,3,0,29.0,3.0429354648621407,2,2,1.0
492,0,3,0,21.0,2.1102132003465894,2,2,0.0
493,0,1,0,55.0,3.449987545831587,2,2,0.0
494,0,1,0,71.0,3.922056501139853,0,2,0.0
495,0,3,0,21.0,2.2027647577118348,2,2,0.0
496,0,3,0,29.0,2.738146075922933,0,2,0.0
497,1,1,1,54.0,4.37281811610993,0,1,1.0
498,0,3,0,29.0,2.7788192719904172,2,2,0.0
499,0,1,1,25.0,5.027492411162679,2,3,3.0
500,0,3,0,24.0,2.174274334826008,2,2,0.0
501,0,3,0,17.0,2.2682524139135403,2,2,0.0
502,0,3,1,21.0,2.169053700369523,1,1,0.0
503,0,3,1,29.0,2.155151800914312,1,1,0.0
504,0,3,1,37.0,2.3596740599781727,2,1,0.0
505,1,1,1,16.0,4.471638793363569,2,1,0.0
506,0,1,0,18.0,4.699570861409576,0,2,1.0
507,1,2,1,33.0,3.295836866004329,2,3,2.0
508,1,1,0,29.0,3.3160025355989236,2,2,0.0
509,0,3,0,28.0,3.1580636854714434,2,2,0.0
510,1,3,0,26.0,4.05171190165724,2,2,0.0
511,1,3,0,29.0,2.169053700369523,1,2,0.0
512,0,3,0,29.0,2.2027647577118348,2,2,0.0
513,1,1,0,36.0,3.3064287218760624,2,2,0.0
514,1,1,1,54.0,4.100989104940769,0,3,1.0
515,0,3,0,24.0,2.139571923732859,2,2,0.0
516,0,1,0,47.0,3.5559421706858756,2,2,0.0
517,1,2,1,34.0,2.4423470353692043,2,3,0.0
518,0,3,0,29.0,3.224857896545748,1,2,0.0
519,1,2,1,36.0,3.295836866004329,2,3,1.0
520,0,3,0,32.0,2.1855792552411137,2,2,0.0
521,1,1,1,30.0,4.548599834499697,2,1,0.0
522,0,3,0,22.0,2.1855792552411137,2,2,0.0
523,0,3,0,29.0,2.1071782966514356,0,2,0.0
524,1,1,1,44.0,4.077184839375167,0,3,1.0
525,0,3,0,29.0,2.1076888046179385,0,2,0.0
526,0,3,0,40.5,2.169053700369523,1,2,0.0
527,1,2,1,50.0,2.4423470353692043,2,1,0.0
528,0,1,0,29.0,5.406181146423973,2,2,0.0
529,0,3,0,39.0,2.188856327665703,2,2,0.0
530,0,2,0,23.0,2.5257286443082556,2,2,3.0
531,1,2,1,2.0,3.295836866004329,2,1,2.0
532,0,3,0,29.0,2.1076888046179385,0,2,0.0
533,0,3,0,17.0,2.1076888046179385,0,2,2.0
534,1,3,1,29.0,3.1509523813392697,0,3,2.0
535,0,3,1,30.0,2.2682524139135403,2,1,0.0
536,1,2,1,7.0,3.305053521109253,2,1,2.0
537,0,1,0,45.0,3.3160025355989236,2,4,0.0
538,1,1,1,30.0,4.676792929661059,0,1,0.0
539,0,3,0,29.0,2.740840023925201,2,2,0.0
540,1,1,1,22.0,3.9219733362813143,0,1,2.0
541,1,1,1,36.0,4.276666119016055,2,1,2.0
542,0,3,1,9.0,3.4742929367327062,2,1,6.0
543,0,3,1,11.0,3.4742929367327062,2,1,6.0
544,1,2,0,32.0,3.295836866004329,2,2,1.0
545,0,1,0,50.0,4.676792929661059,0,2,1.0
546,0,1,0,64.0,3.295836866004329,2,2,0.0
547,1,2,1,19.0,3.295836866004329,2,3,1.0
548,1,2,0,29.0,2.6988412620169004,0,2,0.0
549,0,3,0,33.0,3.0692150503137943,2,2,2.0
550,1,2,0,8.0,3.6309854756950335,2,0,2.0
551,1,1,0,17.0,4.717456363787216,0,2,2.0
552,0,2,0,27.0,3.295836866004329,2,2,0.0
553,0,3,0,29.0,2.17806441028492,1,2,0.0
554,1,3,0,22.0,2.1071782966514356,0,2,0.0
555,1,3,1,22.0,2.1719067693519296,2,1,0.0
556,0,1,0,62.0,3.3160025355989236,2,2,0.0
557,1,1,1,48.0,3.703768066607687,0,4,1.0
558,0,1,0,29.0,5.4316456135398825,0,2,0.0
559,1,1,1,39.0,4.390118804571218,2,3,2.0
560,1,3,1,36.0,2.91235066461494,2,3,1.0
561,0,3,0,29.0,2.169053700369523,1,2,0.0
562,0,3,0,40.0,2.1855792552411137,2,2,0.0
563,0,2,0,28.0,2.6741486494265287,2,2,0.0
564,0,3,0,29.0,2.2027647577118348,2,2,0.0
565,0,3,1,29.0,2.2027647577118348,2,1,0.0
566,0,3,0,24.0,3.224857896545748,2,2,2.0
567,0,3,0,19.0,2.1855792552411137,2,2,0.0
568,0,3,1,29.0,3.0944457464900235,2,3,4.0
569,0,3,0,29.0,2.1076888046179385,0,2,0.0
570,1,3,0,32.0,2.180891922715322,2,2,0.0
571,1,2,0,62.0,2.4423470353692043,2,2,0.0
572,1,1,1,53.0,3.960416900617205,2,3,2.0
573,1,1,0,36.0,3.3100867049215847,2,2,0.0
574,1,3,1,29.0,2.169053700369523,1,1,0.0
575,0,3,0,16.0,2.2027647577118348,2,2,0.0
576,0,3,0,19.0,2.740840023925201,2,2,0.0
577,1,2,1,34.0,2.6390573296152584,2,1,0.0
578,1,1,1,39.0,4.041295341132285,2,3,1.0
579,0,3,1,29.0,2.738146075922933,0,3,1.0
580,1,3,0,32.0,2.188856327665703,2,2,0.0
581,1,2,1,25.0,3.4339872044851463,2,1,2.0
582,1,1,1,39.0,4.717456363787216,0,3,2.0
583,0,2,0,54.0,3.295836866004329,2,2,0.0
584,0,1,0,36.0,3.716616209085536,0,2,0.0
585,0,3,0,29.0,2.2734137156937657,0,2,0.0
586,1,1,1,18.0,4.390118804571218,2,1,2.0
587,0,2,0,47.0,2.772588722239781,2,2,0.0
588,1,1,0,60.0,4.384523514872469,0,2,2.0
589,0,3,0,22.0,2.2027647577118348,2,2,0.0
590,0,3,0,29.0,2.2027647577118348,2,2,0.0
591,0,3,0,35.0,2.094945728215801,2,2,0.0
592,1,1,1,52.0,4.37281811610993,0,3,1.0
593,0,3,0,47.0,2.1102132003465894,2,2,0.0
594,0,3,1,29.0,2.169053700369523,1,1,2.0
595,0,2,0,37.0,3.295836866004329,2,2,1.0
596,0,3,0,36.0,3.224857896545748,2,2,2.0
597,1,2,1,29.0,3.5263605246161616,2,1,0.0
598,0,3,0,49.0,0.0,2,2,0.0
599,0,3,0,29.0,2.1071782966514356,0,2,0.0
600,1,1,0,49.0,4.0592215752427645,0,4,1.0
601,1,2,1,24.0,3.332204510175204,2,3,3.0
602,0,3,0,29.0,2.1855792552411137,2,2,0.0
603,0,1,0,29.0,3.770459441106359,2,2,0.0
604,0,3,0,44.0,2.2027647577118348,2,2,0.0
605,1,1,0,35.0,3.3160025355989236,0,2,0.0
606,0,3,0,36.0,2.806386101823072,2,2,1.0
607,0,3,0,30.0,2.1855792552411137,2,2,0.0
608,1,1,0,27.0,3.449987545831587,2,2,0.0
609,1,2,1,22.0,3.7513658711253766,0,3,3.0
610,1,1,1,40.0,5.039951348430309,2,1,0.0
611,0,3,1,39.0,3.4742929367327062,2,3,6.0
612,0,3,0,29.0,2.0856720914304723,2,2,0.0
613,1,3,1,29.0,2.803360380906535,1,1,1.0
614,0,3,0,29.0,2.169053700369523,1,2,0.0
615,0,3,0,35.0,2.2027647577118348,2,2,0.0
616,1,2,1,24.0,4.189654742026425,2,1,3.0
617,0,3,0,34.0,2.7343675094195836,2,2,2.0
618,0,3,1,26.0,2.8390784635086144,2,3,1.0
619,1,2,1,4.0,3.6888794541139363,2,1,3.0
620,0,2,0,26.0,2.4423470353692043,2,2,0.0
621,0,3,0,27.0,2.737880811060884,0,2,1.0
622,1,1,0,42.0,3.9806942251907276,2,2,1.0
623,1,3,0,20.0,2.817902613071225,0,2,2.0
624,0,3,0,21.0,2.180891922715322,2,2,0.0
625,0,3,0,21.0,2.8390784635086144,2,2,0.0
626,0,1,0,61.0,3.5061818266142577,2,2,0.0
627,0,2,0,57.0,2.5915163848462583,1,4,0.0
628,1,1,1,21.0,4.368919865004903,2,1,0.0
629,0,3,0,26.0,2.1855792552411137,2,2,0.0
630,0,3,0,29.0,2.167143305297764,1,2,0.0
631,1,1,0,80.0,3.4339872044851463,2,2,0.0
632,0,3,0,51.0,2.086193694502369,2,2,0.0
633,1,1,0,32.0,3.449987545831587,0,4,0.0
634,0,1,0,29.0,0.0,2,2,0.0
635,0,3,1,9.0,3.3638415951183864,2,1,5.0
636,1,2,1,28.0,2.6390573296152584,2,1,0.0
637,0,3,0,32.0,2.188856327665703,2,2,0.0
638,0,2,0,31.0,3.305053521109253,2,2,2.0
639,0,3,1,41.0,3.705920919968788,2,3,5.0
640,0,3,0,29.0,2.8390784635086144,2,2,1.0
641,0,3,0,20.0,2.180891922715322,2,2,0.0
642,1,1,1,24.0,4.252771798816619,0,4,0.0
643,0,3,1,2.0,3.3638415951183864,2,1,5.0
644,1,3,0,29.0,4.05171190165724,2,2,0.0
645,1,3,1,0.75,3.0085645861193133,0,1,3.0
646,1,1,0,48.0,4.353230991152628,0,2,1.0
647,0,3,0,19.0,2.1855792552411137,2,2,0.0
648,1,1,0,56.0,3.597312260588446,0,4,0.0
649,0,3,0,29.0,2.145931282948669,2,2,0.0
650,1,3,1,23.0,2.145931282948669,2,1,0.0
651,0,3,0,29.0,2.1855792552411137,2,2,0.0
652,1,2,1,18.0,3.1780538303479458,2,1,1.0
653,0,3,0,21.0,2.2442459824059346,2,2,0.0
654,1,3,1,29.0,2.17806441028492,1,1,0.0
655,0,3,1,18.0,2.0476928433652555,1,1,0.0
656,0,2,0,24.0,4.310799125385514,2,2,2.0
657,0,3,0,29.0,2.1855792552411137,2,2,0.0
658,0,3,1,32.0,2.803360380906535,1,3,2.0
659,0,2,0,23.0,2.6390573296152584,2,2,0.0
660,0,1,0,58.0,4.738607824217808,0,2,2.0
661,1,1,0,50.0,4.902678819257608,2,4,2.0
662,0,3,0,40.0,2.1071782966514356,0,2,0.0
663,0,1,0,47.0,3.2804411805263554,2,2,0.0
664,0,3,0,36.0,2.139571923732859,2,2,0.0
665,1,3,0,20.0,2.188856327665703,2,2,1.0
666,0,2,0,32.0,4.310799125385514,2,2,2.0
667,0,2,0,25.0,2.6390573296152584,2,2,0.0
668,0,3,0,29.0,2.1719067693519296,2,2,0.0
669,0,3,0,43.0,2.2027647577118348,2,2,0.0
670,1,1,1,29.0,3.970291913552122,2,3,1.0
671,1,2,1,40.0,3.6888794541139363,2,3,2.0
672,0,1,0,31.0,3.970291913552122,2,2,1.0
673,0,2,0,70.0,2.4423470353692043,2,2,0.0
674,1,2,0,31.0,2.6390573296152584,2,2,0.0
675,0,2,0,29.0,0.0,2,2,0.0
676,0,3,0,18.0,2.1719067693519296,2,2,0.0
677,0,3,0,24.5,2.2027647577118348,2,2,0.0
678,1,3,1,18.0,2.3833998102837652,2,1,0.0
679,0,3,1,43.0,3.8691155044168695,2,3,7.0
680,1,1,0,36.0,6.240917354759096,0,2,1.0
681,0,3,1,29.0,2.212386825075897,1,1,0.0
682,1,1,0,27.0,4.353230991152628,0,2,0.0
683,0,3,0,20.0,2.3248357019288655,2,2,0.0
684,0,3,0,14.0,3.8691155044168695,2,2,7.0
685,0,2,0,60.0,3.6888794541139363,2,2,2.0
686,0,2,0,25.0,3.7513658711253766,0,2,3.0
687,0,3,0,14.0,3.705920919968788,2,2,5.0
688,0,3,0,19.0,2.4133032309283076,2,2,0.0
689,0,3,0,18.0,2.174274334826008,2,2,0.0
690,1,1,1,15.0,5.35817698994543,2,1,1.0
691,1,1,0,31.0,4.060443010546419,2,2,1.0
692,1,3,1,4.0,2.668387256845834,0,1,1.0
693,1,3,0,29.0,4.05171190165724,2,2,0.0
694,0,3,0,25.0,2.1071782966514356,0,2,0.0
695,0,1,0,60.0,3.3160025355989236,2,4,0.0
696,0,2,0,52.0,2.6741486494265287,2,2,0.0
697,0,3,0,44.0,2.2027647577118348,2,2,0.0
698,1,3,1,29.0,2.167143305297764,1,1,0.0
699,0,1,0,49.0,4.717456363787216,0,2,2.0
700,0,3,0,42.0,2.157559320943788,2,2,0.0
701,1,1,1,18.0,5.4316456135398825,0,3,1.0
702,1,1,0,35.0,3.3064287218760624,2,2,0.0
703,0,3,1,18.0,2.737880811060884,0,1,1.0
704,0,3,0,25.0,2.1681046787623672,1,2,0.0
705,0,3,0,26.0,2.180891922715322,2,2,1.0
706,0,2,0,39.0,3.295836866004329,2,2,0.0
707,1,2,1,45.0,2.6741486494265287,2,3,0.0
708,1,1,0,42.0,3.3064287218760624,2,2,0.0
709,1,1,1,22.0,5.027492411162679,2,1,0.0
710,1,3,0,29.0,2.7878344138303452,0,0,2.0
711,1,1,1,24.0,3.922056501139853,0,4,0.0
712,0,1,0,29.0,3.3160025355989236,2,2,0.0
713,1,1,0,48.0,3.970291913552122,2,2,1.0
714,0,3,0,29.0,2.3497835148230464,2,2,0.0
715,0,2,0,52.0,2.6390573296152584,2,2,0.0
716,0,3,0,19.0,2.157559320943788,2,2,0.0
717,1,1,1,38.0,5.4316456135398825,0,1,0.0
718,1,2,1,27.0,2.4423470353692043,2,1,0.0
719,0,3,0,29.0,2.803360380906535,1,2,0.0
720,0,3,0,33.0,2.1719067693519296,2,2,0.0
721,1,2,1,6.0,3.5263605246161616,2,1,1.0
722,0,3,0,17.0,2.086193694502369,2,2,1.0
723,0,2,0,34.0,2.6390573296152584,2,2,0.0
724,0,2,0,50.0,2.6390573296152584,2,2,0.0
725,1,1,0,27.0,3.9908341858524357,2,2,1.0
726,0,3,0,20.0,2.2682524139135403,2,2,0.0
727,1,2,1,30.0,3.091042453358316,2,3,3.0
728,1,3,1,29.0,2.1676241075599285,1,1,0.0
729,0,2,0,25.0,3.295836866004329,2,2,1.0
730,0,3,1,25.0,2.188856327665703,2,1,1.0
731,1,1,1,29.0,5.35817698994543,2,1,0.0
732,0,3,0,11.0,2.9850504252071306,0,2,0.0
733,0,2,0,29.0,0.0,2,2,0.0
734,0,2,0,23.0,2.6390573296152584,2,2,0.0
735,0,2,0,23.0,2.6390573296152584,2,2,0.0
736,0,3,0,28.5,2.8390784635086144,2,2,0.0
737,0,3,1,48.0,3.5660053559634015,2,3,4.0
738,1,1,0,35.0,6.240917354759096,0,2,0.0
739,0,3,0,29.0,2.1855792552411137,2,2,0.0
740,0,3,0,29.0,2.1855792552411137,2,2,0.0
741,1,1,0,29.0,3.4339872044851463,2,2,0.0
742,0,1,0,36.0,4.380149874661021,2,2,1.0
743,1,1,1,21.0,5.5735788721243535,0,1,4.0
744,0,3,0,24.0,2.8390784635086144,2,2,1.0
745,1,3,0,31.0,2.188856327665703,2,2,0.0
746,0,1,0,70.0,4.276666119016055,2,4,2.0
747,0,3,0,16.0,3.056356895370426,2,2,2.0
748,1,2,1,30.0,2.6390573296152584,2,1,0.0
749,0,1,0,19.0,3.9908341858524357,2,2,1.0
750,0,3,0,31.0,2.169053700369523,1,2,0.0
751,1,2,1,4.0,3.1780538303479458,2,1,2.0
752,1,3,0,6.0,2.600836116795061,2,0,1.0
753,0,3,0,33.0,2.3513752571634776,2,2,0.0
754,0,3,0,23.0,2.1855792552411137,2,2,0.0
755,1,2,1,48.0,4.189654742026425,2,3,3.0
756,1,2,0,0.67,2.740840023925201,2,0,2.0
757,0,3,0,28.0,2.174274334826008,2,2,0.0
758,0,2,0,18.0,2.5257286443082556,2,2,0.0
759,0,3,0,34.0,2.2027647577118348,2,2,0.0
760,1,1,1,33.0,4.471638793363569,2,4,0.0
761,0,3,0,29.0,2.740840023925201,2,2,0.0
762,0,3,0,41.0,2.094945728215801,2,2,0.0
763,1,3,0,20.0,2.1076888046179385,0,2,0.0
764,1,1,1,36.0,4.795790545596741,2,3,3.0
765,0,3,0,16.0,2.1719067693519296,2,2,0.0
766,1,1,1,51.0,4.368919865004903,2,3,1.0
767,0,1,0,29.0,3.703768066607687,0,4,0.0
768,0,3,1,30.5,2.169053700369523,1,1,0.0
769,0,3,0,29.0,3.224857896545748,1,2,1.0
770,0,3,0,32.0,2.236712348843338,2,2,0.0
771,0,3,0,24.0,2.3513752571634776,2,2,0.0
772,0,3,0,48.0,2.180891922715322,2,2,0.0
773,0,2,1,57.0,2.4423470353692043,2,3,0.0
774,0,3,0,29.0,2.1071782966514356,0,2,0.0
775,1,2,1,54.0,3.1780538303479458,2,3,4.0
776,0,3,0,18.0,2.169053700369523,2,2,0.0
777,0,3,0,29.0,2.169053700369523,1,2,0.0
778,1,3,1,5.0,2.600836116795061,2,1,0.0
779,0,3,0,29.0,2.1676241075599285,1,2,0.0
780,1,1,1,43.0,5.35817698994543,2,3,1.0
781,1,3,1,13.0,2.1076888046179385,0,1,0.0
782,1,1,1,17.0,4.060443010546419,2,3,1.0
783,0,1,0,29.0,3.4339872044851463,2,2,0.0
784,0,3,0,29.0,3.196630215920881,2,2,3.0
785,0,3,0,25.0,2.0856720914304723,2,2,0.0
786,0,3,0,25.0,2.1102132003465894,2,2,0.0
787,1,3,1,18.0,2.139571923732859,2,1,0.0
788,0,3,0,8.0,3.405355391810819,1,0,5.0
789,1,3,0,1.0,3.0715352369694915,2,0,3.0
790,0,1,0,46.0,4.384523514872469,0,2,0.0
791,0,3,0,29.0,2.169053700369523,1,2,0.0
792,0,2,0,16.0,3.295836866004329,2,2,0.0
793,0,3,1,29.0,4.256321678298823,2,1,10.0
794,0,1,0,29.0,3.4561841799918147,0,2,0.0
795,0,3,0,25.0,2.1855792552411137,2,2,0.0
796,0,2,0,39.0,2.6390573296152584,2,2,0.0
797,1,1,1,49.0,3.2932111997353943,2,4,0.0
798,1,3,1,31.0,2.270402752283094,2,3,0.0
799,0,3,0,30.0,2.1076888046179385,0,2,0.0
800,0,3,1,30.0,3.224857896545748,2,3,2.0
801,0,2,0,34.0,2.6390573296152584,2,2,0.0
802,1,2,1,31.0,3.305053521109253,2,3,2.0
803,1,1,0,11.0,4.795790545596741,2,0,3.0
804,1,3,0,0.42,2.2530481500547457,0,0,1.0
805,1,3,0,27.0,2.076311648670908,2,2,0.0
806,0,3,0,31.0,2.1719067693519296,2,2,0.0
807,0,1,0,39.0,0.0,2,2,0.0
808,0,3,1,18.0,2.1719067693519296,2,1,0.0
809,0,2,0,39.0,2.6390573296152584,2,2,0.0
810,1,1,1,33.0,3.9908341858524357,2,3,1.0
811,0,3,0,26.0,2.184645795129359,2,2,0.0
812,0,3,0,39.0,3.224857896545748,2,2,0.0
813,0,2,0,35.0,2.4423470353692043,2,2,0.0
814,0,3,1,6.0,3.4742929367327062,2,1,6.0
815,0,3,0,30.5,2.2027647577118348,2,2,0.0
816,0,1,0,29.0,0.0,2,2,0.0
817,0,3,1,23.0,2.188856327665703,2,1,0.0
818,0,2,0,31.0,3.637696679934592,0,2,2.0
819,0,3,0,43.0,2.0082140323914683,2,2,0.0
820,0,3,0,10.0,3.3638415951183864,2,0,5.0
821,1,1,1,52.0,4.548599834499697,2,3,2.0
822,1,3,0,27.0,2.2682524139135403,2,2,0.0
823,0,1,0,38.0,0.0,2,4,0.0
824,1,3,1,27.0,2.600836116795061,2,3,1.0
825,0,3,0,2.0,3.705920919968788,2,0,5.0
826,0,3,0,29.0,2.0731719286662407,1,2,0.0
827,0,3,0,29.0,4.05171190165724,2,2,0.0
828,1,2,0,1.0,3.637696679934592,0,0,2.0
829,1,3,0,29.0,2.169053700369523,1,2,0.0
830,1,1,1,62.0,4.394449154672439,3,3,0.0
831,1,3,1,15.0,2.737880811060884,0,3,1.0
832,1,2,0,0.83,2.9831534913471307,2,0,2.0
833,0,3,0,29.0,2.1076888046179385,0,2,0.0
834,0,3,0,23.0,2.180891922715322,2,2,0.0
835,0,3,0,18.0,2.2300144001592104,2,2,0.0
836,1,1,1,39.0,4.432699549165613,0,1,2.0
837,0,3,0,21.0,2.2682524139135403,2,2,0.0
838,0,3,0,29.0,2.2027647577118348,2,2,0.0
839,1,3,0,32.0,4.05171190165724,2,2,0.0
840,1,1,0,29.0,3.4242626545931514,0,2,0.0
841,0,3,0,20.0,2.188856327665703,2,2,0.0
842,0,2,0,16.0,2.4423470353692043,2,2,0.0
843,1,1,1,30.0,3.4657359027997265,0,1,0.0
844,0,3,0,34.5,2.006534770871748,0,2,0.0
845,0,3,0,17.0,2.2682524139135403,2,2,0.0
846,0,3,0,42.0,2.145931282948669,2,2,0.0
847,0,3,0,29.0,4.256321678298823,2,2,10.0
848,0,3,0,35.0,2.1855792552411137,0,2,0.0
849,0,2,0,28.0,3.5263605246161616,2,4,1.0
850,1,1,1,29.0,4.500966778400217,0,3,1.0
851,0,3,0,4.0,3.4742929367327062,2,0,6.0
852,0,3,0,74.0,2.1719067693519296,2,2,0.0
853,0,3,1,9.0,2.7878344138303452,0,1,2.0
854,1,1,1,16.0,3.6988297849671046,2,1,1.0
855,0,2,1,44.0,3.295836866004329,2,3,1.0
856,1,3,1,18.0,2.336986519711378,2,3,1.0
857,1,1,1,45.0,5.11118445372147,2,3,2.0
858,1,1,0,51.0,3.3160025355989236,2,2,0.0
859,1,3,1,24.0,3.0085645861193133,0,3,3.0
860,0,3,0,29.0,2.1076888046179385,0,2,0.0
861,0,3,0,41.0,2.7152442616824506,2,2,2.0
862,0,2,0,21.0,2.5257286443082556,2,2,1.0
863,1,1,1,48.0,3.2932111997353943,2,3,0.0
864,0,3,1,29.0,4.256321678298823,2,1,10.0
865,0,2,0,24.0,2.6390573296152584,2,2,0.0
866,1,2,1,42.0,2.6390573296152584,2,3,0.0
867,1,2,1,27.0,2.698558631668595,0,1,1.0
868,0,1,0,31.0,3.941500250945973,2,2,0.0
869,0,3,0,29.0,2.3513752571634776,2,2,0.0
870,1,3,0,4.0,2.495953738718064,2,0,2.0
871,0,3,0,26.0,2.1855792552411137,2,2,0.0
872,1,1,1,47.0,3.9806942251907276,2,3,2.0
873,0,1,0,33.0,1.791759469228055,2,2,0.0
874,0,3,0,47.0,2.302585092994046,2,2,0.0
875,1,2,1,28.0,3.2188758248682006,0,3,1.0
876,1,3,1,15.0,2.1071782966514356,0,1,0.0
877,0,3,0,20.0,2.3837779082709782,2,2,0.0
878,0,3,0,19.0,2.1855792552411137,2,2,0.0
879,0,3,0,29.0,2.1855792552411137,2,2,0.0
880,1,1,1,56.0,4.432699549165613,0,3,1.0
881,1,2,1,25.0,3.295836866004329,2,3,1.0
882,0,3,0,33.0,2.1855792552411137,2,2,0.0
883,0,3,1,22.0,2.4437981558973862,2,1,0.0
884,0,2,0,28.0,2.4423470353692043,2,2,0.0
885,0,3,0,25.0,2.0856720914304723,2,2,0.0
886,0,3,1,39.0,3.405355391810819,1,3,5.0
887,0,2,0,27.0,2.6390573296152584,2,4,0.0
888,1,1,1,19.0,3.4339872044851463,2,1,0.0
889,0,3,1,29.0,3.196630215920881,2,1,3.0
890,1,1,0,26.0,3.4339872044851463,0,2,0.0
891,0,3,0,32.0,2.169053700369523,1,2,0.0
